05-08-2017	(06:58:00)
05-08-2017	(07:23:00)
05-08-2017	(09:48:00)
05-08-2017	(10:53:00)
05-08-2017	(07:33:00)
05-08-2017	(07:18:00)
05-08-2017	(08:13:00)
05-08-2017	(10:48:00)
05-08-2017	(08:03:00)
05-08-2017	(06:18:00)
05-08-2017	(13:28:00)
05-08-2017	(09:33:00)
05-08-2017	(09:13:00)
05-08-2017	(10:58:00)
05-08-2017	(06:28:00)
05-08-2017	(12:33:00)
05-08-2017	(07:03:00)
05-08-2017	(12:38:00)
05-08-2017	(13:18:00)
05-08-2017	(10:13:00)
05-08-2017	(06:53:00)
05-08-2017	(06:43:00)
05-08-2017	(10:38:00)
05-08-2017	(08:23:00)
05-08-2017	(11:48:00)
05-08-2017	(11:38:00)
05-08-2017	(08:48:00)
05-08-2017	(06:33:00)
05-08-2017	(09:43:00)
05-08-2017	(07:48:00)
05-08-2017	(09:53:00)
05-08-2017	(08:08:00)
05-08-2017	(08:58:00)
05-08-2017	(07:53:00)
05-08-2017	(08:53:00)
05-08-2017	(06:03:00)
05-08-2017	(11:08:00)
05-08-2017	(07:13:00)
05-08-2017	(13:08:00)
05-08-2017	(12:48:00)
05-08-2017	(09:23:00)
05-08-2017	(07:08:00)
05-08-2017	(10:28:00)
05-08-2017	(09:18:00)
05-08-2017	(10:43:00)
05-08-2017	(11:33:00)
05-08-2017	(08:33:00)
05-08-2017	(12:03:00)
05-08-2017	(06:48:00)
05-08-2017	(13:13:00)
05-08-2017	(09:58:00)
05-08-2017	(12:23:00)
05-08-2017	(13:03:00)
05-08-2017	(09:08:00)
05-08-2017	(09:03:00)
05-08-2017	(07:58:00)
05-08-2017	(12:28:00)
05-08-2017	(07:38:00)
05-08-2017	(07:28:00)
05-08-2017	(12:13:00)
05-08-2017	(11:18:00)
05-08-2017	(06:08:00)
05-08-2017	(10:08:00)
05-08-2017	(07:43:00)
05-08-2017	(10:33:00)
05-08-2017	(12:58:00)
05-08-2017	(06:13:00)
05-08-2017	(12:08:00)
05-08-2017	(10:18:00)
05-08-2017	(13:23:00)
05-08-2017	(11:13:00)
05-08-2017	(09:38:00)
05-08-2017	(08:18:00)
05-08-2017	(11:23:00)
05-08-2017	(11:28:00)
05-08-2017	(10:03:00)
05-08-2017	(12:43:00)
05-08-2017	(12:53:00)
05-08-2017	(10:23:00)
05-08-2017	(06:23:00)
05-08-2017	(08:43:00)
05-08-2017	(11:58:00)
05-08-2017	(08:28:00)
05-08-2017	(08:38:00)
05-08-2017	(12:18:00)
05-08-2017	(06:38:00)
05-08-2017	(11:53:00)
05-08-2017	(11:43:00)
05-08-2017	(11:03:00)
05-08-2017	(09:28:00)
